0	Arts, Culture & Entertainment
1	Law, Politics & Scandals
2	Law, Politics & Scandals
3	Sports
4	Sports
5	Sports
6	Sports
7	Sports
8	Law, Politics & Scandals
9	Arts, Culture & Entertainment
10	Law, Politics & Scandals
11	Law, Politics & Scandals
12	Sports
13	Sports
14	Sports
15	Arts, Culture & Entertainment
16	Disasters & Accidents
17	Sports
18	Arts, Culture & Entertainment
19	Arts, Culture & Entertainment
20	Disasters & Accidents
21	Sports
22	Miscellaneous
23	Sports
24	Sports
25	Sports
26	Law, Politics & Scandals
27	Sports
28	Law, Politics & Scandals
29	Sports
30	Sports
31	Sports
32	Arts, Culture & Entertainment
33	Sports
34	Sports
35	Arts, Culture & Entertainment
36	Sports
37	Sports
38	Miscellaneous
39	Science & Technology
40	Sports
41	Sports
42	Disasters & Accidents
43	Disasters & Accidents
44	Law, Politics & Scandals
45	Sports
46	Business & Economy
47	Sports
48	Disasters & Accidents
49	Sports
50	Sports
51	Arts, Culture & Entertainment
52	Law, Politics & Scandals
53	Sports
54	Sports
55	Sports
56	Disasters & Accidents
57	Sports
58	Sports
59	Sports
60	Business & Economy
61	Sports
62	Sports
63	Sports
64	Sports
65	Sports
66	Sports
67	Law, Politics & Scandals
68	Law, Politics & Scandals
69	Disasters & Accidents
70	Armed Conflicts & Attacks
71	Armed Conflicts & Attacks
72	Armed Conflicts & Attacks
73	Law, Politics & Scandals
74	Armed Conflicts & Attacks
75	Law, Politics & Scandals
76	Law, Politics & Scandals
77	Sports
78	Sports
79	Sports
80	Sports
81	Miscellaneous
82	Armed Conflicts & Attacks
83	Sports
84	Miscellaneous
85	Law, Politics & Scandals
86	Law, Politics & Scandals
87	Sports
88	Miscellaneous
89	Science & Technology
90	Arts, Culture & Entertainment
91	Sports
92	Sports
93	Sports
94	Sports
95	Law, Politics & Scandals
96	Disasters & Accidents
97	Sports
98	Sports
99	Sports
100	Science & Technology
101	Arts, Culture & Entertainment
102	Miscellaneous
103	Sports
104	Business & Economy
105	Science & Technology
106	Sports
107	Sports
108	Sports
109	Sports
110	Sports
111	Miscellaneous
112	Armed Conflicts & Attacks
113	Miscellaneous
114	Miscellaneous
115	Sports
116	Miscellaneous
117	Sports
118	Sports
119	Sports
120	Sports
121	Sports
122	Sports
123	Sports
124	Law, Politics & Scandals
125	Arts, Culture & Entertainment
126	Miscellaneous
127	Law, Politics & Scandals
128	Sports
129	Sports
130	Sports
131	Disasters & Accidents
132	Miscellaneous
133	Law, Politics & Scandals
134	Sports
135	Armed Conflicts & Attacks
136	Law, Politics & Scandals
137	Arts, Culture & Entertainment
138	Sports
139	Sports
140	Sports
141	Sports
142	Sports
143	Sports
144	Sports
145	Disasters & Accidents
146	Sports
147	Disasters & Accidents
148	Miscellaneous
149	Sports
150	Miscellaneous
151	Sports
152	Sports
153	Sports
154	Sports
155	Sports
156	Disasters & Accidents
157	Sports
158	Sports
159	Sports
160	Sports
161	Sports
162	Science & Technology
163	Sports
164	Sports
165	Arts, Culture & Entertainment
166	Sports
167	Arts, Culture & Entertainment
168	Disasters & Accidents
169	Arts, Culture & Entertainment
170	Arts, Culture & Entertainment
171	Miscellaneous
172	Arts, Culture & Entertainment
173	Miscellaneous
174	Miscellaneous
175	Law, Politics & Scandals
176	Sports
177	Sports
178	Sports
179	Sports
180	Sports
181	Sports
182	Sports
183	Sports
184	Sports
185	Sports
186	Armed Conflicts & Attacks
187	Law, Politics & Scandals
188	Sports
189	Armed Conflicts & Attacks
190	Arts, Culture & Entertainment
191	Arts, Culture & Entertainment
192	Arts, Culture & Entertainment
193	Business & Economy
194	Business & Economy
195	Law, Politics & Scandals
196	Law, Politics & Scandals
197	Armed Conflicts & Attacks
198	Armed Conflicts & Attacks
199	Disasters & Accidents
200	Law, Politics & Scandals
201	Sports
202	Sports
203	Armed Conflicts & Attacks
204	Armed Conflicts & Attacks
205	Armed Conflicts & Attacks
206	Armed Conflicts & Attacks
207	Arts, Culture & Entertainment
208	Disasters & Accidents
209	Law, Politics & Scandals
210	Law, Politics & Scandals
211	Law, Politics & Scandals
212	Law, Politics & Scandals
213	Law, Politics & Scandals
214	Armed Conflicts & Attacks
215	Armed Conflicts & Attacks
216	Armed Conflicts & Attacks
217	Armed Conflicts & Attacks
218	Armed Conflicts & Attacks
219	Science & Technology
220	Science & Technology
221	Law, Politics & Scandals
222	Law, Politics & Scandals
223	Law, Politics & Scandals
224	Law, Politics & Scandals
225	Law, Politics & Scandals
226	Law, Politics & Scandals
227	Law, Politics & Scandals
228	Law, Politics & Scandals
229	Law, Politics & Scandals
230	Arts, Culture & Entertainment
231	Armed Conflicts & Attacks
232	Arts, Culture & Entertainment
233	Arts, Culture & Entertainment
234	Arts, Culture & Entertainment
235	Arts, Culture & Entertainment
236	Disasters & Accidents
237	Law, Politics & Scandals
238	Armed Conflicts & Attacks
239	Armed Conflicts & Attacks
240	Business & Economy
241	Law, Politics & Scandals
242	Law, Politics & Scandals
243	Science & Technology
244	Science & Technology
245	Arts, Culture & Entertainment
246	Sports
247	Armed Conflicts & Attacks
248	Business & Economy
249	Disasters & Accidents
250	Disasters & Accidents
251	Law, Politics & Scandals
252	Law, Politics & Scandals
253	Law, Politics & Scandals
254	Law, Politics & Scandals
255	Law, Politics & Scandals
256	Law, Politics & Scandals
257	Science & Technology
258	Armed Conflicts & Attacks
259	Armed Conflicts & Attacks
260	Armed Conflicts & Attacks
261	Armed Conflicts & Attacks
262	Arts, Culture & Entertainment
263	Law, Politics & Scandals
264	Law, Politics & Scandals
265	Law, Politics & Scandals
266	Armed Conflicts & Attacks
267	Armed Conflicts & Attacks
268	Armed Conflicts & Attacks
269	Armed Conflicts & Attacks
270	Disasters & Accidents
271	Law, Politics & Scandals
272	Law, Politics & Scandals
273	Law, Politics & Scandals
274	Armed Conflicts & Attacks
275	Armed Conflicts & Attacks
276	Armed Conflicts & Attacks
277	Armed Conflicts & Attacks
278	Arts, Culture & Entertainment
279	Business & Economy
280	Science & Technology
281	Law, Politics & Scandals
282	Law, Politics & Scandals
283	Sports
284	Sports
285	Sports
286	Armed Conflicts & Attacks
287	Armed Conflicts & Attacks
288	Armed Conflicts & Attacks
289	Armed Conflicts & Attacks
290	Arts, Culture & Entertainment
291	Business & Economy
292	Business & Economy
293	Law, Politics & Scandals
294	Law, Politics & Scandals
295	Law, Politics & Scandals
296	Law, Politics & Scandals
297	Law, Politics & Scandals
298	Sports
299	Sports
300	Armed Conflicts & Attacks
301	Armed Conflicts & Attacks
302	Armed Conflicts & Attacks
303	Armed Conflicts & Attacks
304	Armed Conflicts & Attacks
305	Arts, Culture & Entertainment
306	Law, Politics & Scandals
307	Arts, Culture & Entertainment
308	Sports
309	Sports
310	Armed Conflicts & Attacks
311	Armed Conflicts & Attacks
312	Armed Conflicts & Attacks
313	Armed Conflicts & Attacks
314	Armed Conflicts & Attacks
315	Arts, Culture & Entertainment
316	Business & Economy
317	Business & Economy
318	Business & Economy
319	Law, Politics & Scandals
320	Law, Politics & Scandals
321	Law, Politics & Scandals
322	Law, Politics & Scandals
323	Law, Politics & Scandals
324	Law, Politics & Scandals
325	Law, Politics & Scandals
326	Law, Politics & Scandals
327	Arts, Culture & Entertainment
328	Sports
329	Armed Conflicts & Attacks
330	Armed Conflicts & Attacks
331	Sports
332	Armed Conflicts & Attacks
333	Armed Conflicts & Attacks
334	Armed Conflicts & Attacks
335	Law, Politics & Scandals
336	Law, Politics & Scandals
337	Law, Politics & Scandals
338	Law, Politics & Scandals
339	Law, Politics & Scandals
340	Law, Politics & Scandals
341	Law, Politics & Scandals
342	Law, Politics & Scandals
343	Arts, Culture & Entertainment
344	Sports
345	Armed Conflicts & Attacks
346	Armed Conflicts & Attacks
347	Law, Politics & Scandals
348	Law, Politics & Scandals
349	Law, Politics & Scandals
350	Law, Politics & Scandals
351	Science & Technology
352	Sports
353	Sports
354	Armed Conflicts & Attacks
355	Armed Conflicts & Attacks
356	Armed Conflicts & Attacks
357	Armed Conflicts & Attacks
358	Arts, Culture & Entertainment
359	Business & Economy
360	Disasters & Accidents
361	Law, Politics & Scandals
362	Law, Politics & Scandals
363	Law, Politics & Scandals
364	Law, Politics & Scandals
365	Law, Politics & Scandals
366	Miscellaneous
367	Armed Conflicts & Attacks
368	Armed Conflicts & Attacks
369	Armed Conflicts & Attacks
370	Arts, Culture & Entertainment
371	Arts, Culture & Entertainment
372	Arts, Culture & Entertainment
373	Arts, Culture & Entertainment
374	Arts, Culture & Entertainment
375	Arts, Culture & Entertainment
376	Law, Politics & Scandals
377	Law, Politics & Scandals
378	Law, Politics & Scandals
379	Sports
380	Armed Conflicts & Attacks
381	Armed Conflicts & Attacks
382	Armed Conflicts & Attacks
383	Armed Conflicts & Attacks
384	Law, Politics & Scandals
385	Law, Politics & Scandals
386	Science & Technology
387	Armed Conflicts & Attacks
388	Armed Conflicts & Attacks
389	Armed Conflicts & Attacks
390	Arts, Culture & Entertainment
391	Law, Politics & Scandals
392	Law, Politics & Scandals
393	Law, Politics & Scandals
394	Arts, Culture & Entertainment
395	Armed Conflicts & Attacks
396	Armed Conflicts & Attacks
397	Armed Conflicts & Attacks
398	Arts, Culture & Entertainment
399	Arts, Culture & Entertainment
400	Arts, Culture & Entertainment
401	Business & Economy
402	Disasters & Accidents
403	Disasters & Accidents
404	Disasters & Accidents
405	Disasters & Accidents
406	Science & Technology
407	Law, Politics & Scandals
408	Law, Politics & Scandals
409	Law, Politics & Scandals
410	Law, Politics & Scandals
411	Law, Politics & Scandals
412	Law, Politics & Scandals
413	Armed Conflicts & Attacks
414	Armed Conflicts & Attacks
415	Business & Economy
416	Law, Politics & Scandals
417	Sports
418	Sports
419	Armed Conflicts & Attacks
420	Armed Conflicts & Attacks
421	Armed Conflicts & Attacks
422	Business & Economy
423	Disasters & Accidents
424	Miscellaneous
425	Miscellaneous
426	Law, Politics & Scandals
427	Law, Politics & Scandals
428	Law, Politics & Scandals
429	Law, Politics & Scandals
430	Armed Conflicts & Attacks
431	Armed Conflicts & Attacks
432	Business & Economy
433	Business & Economy
434	Disasters & Accidents
435	Disasters & Accidents
436	Law, Politics & Scandals
437	Law, Politics & Scandals
438	Law, Politics & Scandals
439	Law, Politics & Scandals
440	Armed Conflicts & Attacks
441	Business & Economy
442	Business & Economy
443	Disasters & Accidents
444	Law, Politics & Scandals
445	Law, Politics & Scandals
446	Law, Politics & Scandals
447	Law, Politics & Scandals
448	Law, Politics & Scandals
449	Law, Politics & Scandals
450	Law, Politics & Scandals
451	Law, Politics & Scandals
452	Arts, Culture & Entertainment
453	Armed Conflicts & Attacks
454	Armed Conflicts & Attacks
455	Armed Conflicts & Attacks
456	Business & Economy
457	Law, Politics & Scandals
458	Law, Politics & Scandals
459	Law, Politics & Scandals
460	Law, Politics & Scandals
461	Law, Politics & Scandals
462	Law, Politics & Scandals
463	Law, Politics & Scandals
464	Armed Conflicts & Attacks
465	Armed Conflicts & Attacks
466	Arts, Culture & Entertainment
467	Law, Politics & Scandals
468	Law, Politics & Scandals
469	Law, Politics & Scandals
470	Law, Politics & Scandals
471	Science & Technology
472	Armed Conflicts & Attacks
473	Armed Conflicts & Attacks
474	Armed Conflicts & Attacks
475	Armed Conflicts & Attacks
476	Business & Economy
477	Law, Politics & Scandals
478	Law, Politics & Scandals
479	Law, Politics & Scandals
480	Sports
481	Sports
482	Armed Conflicts & Attacks
483	Armed Conflicts & Attacks
484	Armed Conflicts & Attacks
485	Armed Conflicts & Attacks
486	Science & Technology
487	Arts, Culture & Entertainment
488	Law, Politics & Scandals
489	Law, Politics & Scandals
490	Sports
491	Armed Conflicts & Attacks
492	Armed Conflicts & Attacks
493	Armed Conflicts & Attacks
494	Disasters & Accidents
495	Law, Politics & Scandals
496	Law, Politics & Scandals
497	Law, Politics & Scandals
498	Law, Politics & Scandals
499	Law, Politics & Scandals
500	Miscellaneous
501	Arts, Culture & Entertainment
502	Arts, Culture & Entertainment
503	Sports
504	Arts, Culture & Entertainment
505	Sports